sample_id,fundamental_matrix
googleurban;1cf87530;a5a9975574c94ff9a285f58c39b53d2c-0143f47ee9e54243a1b8454f3e91621a,1.12400568e-07 1.68618629e-06 -7.54949679e-04 1.31579811e-06 -1.47285794e-07 8.28683787e-03 -1.16508648e-03 -8.84956589e-03 3.95180719e-01
googleurban;6ceaefff;39563e58b2b7411da3f06427c9ee4239-0303b05ca0cb46959eac430e4b2472ca,1.49177822e-06 -1.30375695e-05 8.02637540e-03 1.51369927e-05 -4.66959289e-06 -1.22219927e-02 -7.44407455e-03 1.64187211e-02 -4.35420956e+00
googleurban;d91db836;81dd07fb7b9a4e01996cee637f91ca1a-0006b1337a0347f49b4e651c035dfa0e,-1.88665885e-06 -4.62050998e-06 3.93936614e-03 -3.37616256e-06 1.20147160e-05 7.20491821e-05 4.94231780e-04 -1.37224396e-02 4.10496055e+00
